TIMESTAMP,MAKE,MODEL,CAR_YEAR,ENGINE_POWER,AUTOMATIC,VEHICLE_ID,BAROMETRIC_PRESSURE(KPA),ENGINE_COOLANT_TEMP,FUEL_LEVEL,ENGINE_LOAD,AMBIENT_AIR_TEMP,ENGINE_RPM,INTAKE_MANIFOLD_PRESSURE,MAF,LONG TERM FUEL TRIM BANK 2,FUEL_TYPE,AIR_INTAKE_TEMP,FUEL_PRESSURE,SPEED,SHORT TERM FUEL TRIM BANK 2,SHORT TERM FUEL TRIM BANK 1,ENGINE_RUNTIME,THROTTLE_POS,DTC_NUMBER,TROUBLE_CODES,TIMING_ADVANCE,EQUIV_RATIO,MIN,HOURS,DAYS_OF_WEEK,MONTHS,YEAR
1503254361121,volkswagen,voyage,2013,1.6,n,car14,,77,,,,768,27,,,Biodiesel_Ethanol,52,,0,,-2%,,4%,MIL is OFF0 codes,,0.541,,26,17,6,8,2017
1503254373139,volkswagen,voyage,2013,1.6,n,car14,,78,,,,775,29,,,Biodiesel_Ethanol,53,,0,,3%,,4%,MIL is OFF0 codes,,0.529,,26,17,6,8,2017
1503254828959,volkswagen,voyage,2013,1.6,n,car14,,81,,0.21600000000000003,,1461,40,,,Biodiesel_Ethanol,53,,23,,-3%,,18%,MIL is OFF0 codes,,0.561,,26,17,6,8,2017
1503254840990,volkswagen,voyage,2013,1.6,n,car14,,80,,0.08199999999999999,,825,46,,,Biodiesel_Ethanol,53,,8,,2%,,6%,MIL is OFF0 codes,,0.612,,26,17,6,8,2017
1503254853020,volkswagen,voyage,2013,1.6,n,car14,,79,,0.075,,823,42,,,Biodiesel_Ethanol,54,,8,,0%,,8%,MIL is OFF0 codes,,0.5529999999999999,,26,17,6,8,2017
1503254865045,volkswagen,voyage,2013,1.6,n,car14,,78,,0.325,,1267,34,,,Biodiesel_Ethanol,54,,33,,-3%,,16%,MIL is OFF0 codes,,0.565,,26,17,6,8,2017
1503254877078,volkswagen,voyage,2013,1.6,n,car14,,78,,0.075,,820,90,,,Biodiesel_Ethanol,54,,25,,-1%,,6%,MIL is OFF0 codes,,0.529,,26,17,6,8,2017
1503254889098,volkswagen,voyage,2013,1.6,n,car14,,78,,0.067,,823,45,,,Biodiesel_Ethanol,54,,0,,-7%,,6%,MIL is OFF0 codes,,0.5760000000000001,,26,17,6,8,2017
1503254901118,volkswagen,voyage,2013,1.6,n,car14,,78,,0.075,,819,41,,,Biodiesel_Ethanol,54,,0,,-1%,,6%,MIL is OFF0 codes,,0.573,,26,17,6,8,2017
1503254913158,volkswagen,voyage,2013,1.6,n,car14,,78,,0.075,,815,41,,,Biodiesel_Ethanol,54,,0,,-2%,,6%,MIL is OFF0 codes,,0.565,,26,17,6,8,2017
1503254925179,volkswagen,voyage,2013,1.6,n,car14,,78,,0.071,,823,40,,,Biodiesel_Ethanol,54,,0,,-2%,,6%,MIL is OFF0 codes,,0.5760000000000001,,26,17,6,8,2017
1503254937194,volkswagen,voyage,2013,1.6,n,car14,,78,,0.259,,1524,73,,,Biodiesel_Ethanol,54,,21,,10%,,23%,MIL is OFF0 codes,,0.588,,26,17,6,8,2017
1503254949210,volkswagen,voyage,2013,1.6,n,car14,,78,,0.078,,1436,43,,,Biodiesel_Ethanol,54,,17,,6%,,6%,MIL is OFF0 codes,,0.69,,26,17,6,8,2017
1503254961250,volkswagen,voyage,2013,1.6,n,car14,,78,,0.075,,806,40,,,Biodiesel_Ethanol,54,,0,,-2%,,6%,MIL is OFF0 codes,,0.514,,26,17,6,8,2017
1503254973259,volkswagen,voyage,2013,1.6,n,car14,,78,,0.259,,1640,94,,,Biodiesel_Ethanol,54,,46,,1%,,6%,MIL is OFF0 codes,,0.49,,26,17,6,8,2017
1503254985296,volkswagen,voyage,2013,1.6,n,car14,,78,,0.09,,1466,57,,,Biodiesel_Ethanol,54,,47,,7%,,13%,MIL is OFF0 codes,,0.596,,26,17,6,8,2017
1503254997318,volkswagen,voyage,2013,1.6,n,car14,,78,,0.29,,1387,25,,,Biodiesel_Ethanol,53,,41,,13%,,9%,MIL is OFF0 codes,,0.596,,26,17,6,8,2017
1503255009357,volkswagen,voyage,2013,1.6,n,car14,,78,,0.306,,1496,22,,,Biodiesel_Ethanol,51,,56,,1%,,26%,MIL is OFF0 codes,,0.529,,13,20,6,8,2017
1503255021378,volkswagen,voyage,2013,1.6,n,car14,,77,,0.063,,1274,38,,,Biodiesel_Ethanol,52,,11,,0%,,5%,MIL is OFF0 codes,,0.435,,13,20,6,8,2017
1503255033409,volkswagen,voyage,2013,1.6,n,car14,,77,,0.067,,833,38,,,Biodiesel_Ethanol,53,,0,,-4%,,6%,MIL is OFF0 codes,,0.573,,13,20,6,8,2017
1503255045433,volkswagen,voyage,2013,1.6,n,car14,,77,,0.196,,1384,42,,,Biodiesel_Ethanol,52,,38,,-3%,,15%,MIL is OFF0 codes,,0.565,,13,20,6,8,2017
1503255057460,volkswagen,voyage,2013,1.6,n,car14,,77,,0.38799999999999996,,1902,22,,,Biodiesel_Ethanol,50,,55,,-2%,,39%,MIL is OFF0 codes,,0.565,,13,20,6,8,2017
1503255069497,volkswagen,voyage,2013,1.6,n,car14,,78,,0.067,,864,95,,,Biodiesel_Ethanol,52,,35,,0%,,6%,MIL is OFF0 codes,,0.655,,13,20,6,8,2017
1503255081520,volkswagen,voyage,2013,1.6,n,car14,,78,,0.243,,1727,48,,,Biodiesel_Ethanol,50,,57,,-2%,,17%,MIL is OFF0 codes,,0.565,,13,20,6,8,2017
1503255093547,volkswagen,voyage,2013,1.6,n,car14,,78,,0.059000000000000004,,1341,38,,,Biodiesel_Ethanol,51,,32,,0%,,5%,MIL is OFF0 codes,,0.435,,13,20,6,8,2017
1503255105569,volkswagen,voyage,2013,1.6,n,car14,,78,,0.298,,1489,98,,,Biodiesel_Ethanol,50,,50,,0%,,52%,MIL is OFF0 codes,,0.541,,13,20,6,8,2017
1503255117598,volkswagen,voyage,2013,1.6,n,car14,,78,,0.086,,1835,21,,,Biodiesel_Ethanol,50,,42,,3%,,6%,MIL is OFF0 codes,,0.588,,13,20,6,8,2017
1503255129619,volkswagen,voyage,2013,1.6,n,car14,,78,,0.067,,825,37,,,Biodiesel_Ethanol,50,,0,,-1%,,5%,MIL is OFF0 codes,,0.561,,13,20,6,8,2017
1503255141648,volkswagen,voyage,2013,1.6,n,car14,,79,,0.145,,837,94,,,Biodiesel_Ethanol,51,,27,,0%,,6%,MIL is OFF0 codes,,0.467,,13,20,6,8,2017
1503255153669,volkswagen,voyage,2013,1.6,n,car14,,79,,0.298,,1439,81,,,Biodiesel_Ethanol,50,,48,,1%,,26%,MIL is OFF0 codes,,0.706,,13,20,6,8,2017
1503255165689,volkswagen,voyage,2013,1.6,n,car14,,80,,0.055,,1301,92,,,Biodiesel_Ethanol,51,,33,,-4%,,5%,MIL is OFF0 codes,,0.741,,13,20,6,8,2017
1503255177709,volkswagen,voyage,2013,1.6,n,car14,,80,,0.373,,1838,22,,,Biodiesel_Ethanol,48,,52,,4%,,32%,MIL is OFF0 codes,,0.561,,13,20,6,8,2017
1503255189741,volkswagen,voyage,2013,1.6,n,car14,,79,,0.055,,1425,36,,,Biodiesel_Ethanol,50,,50,,-2%,,7%,MIL is OFF0 codes,,0.506,,13,20,6,8,2017
1503255201770,volkswagen,voyage,2013,1.6,n,car14,,79,,0.184,,1370,21,,,Biodiesel_Ethanol,50,,47,,0%,,11%,MIL is OFF0 codes,,0.667,,13,20,6,8,2017
1503255213789,volkswagen,voyage,2013,1.6,n,car14,,78,,0.059000000000000004,,1088,37,,,Biodiesel_Ethanol,50,,8,,-2%,,5%,MIL is OFF0 codes,,0.584,,13,20,6,8,2017
1503255225800,volkswagen,voyage,2013,1.6,n,car14,,79,,0.314,,1238,76,,,Biodiesel_Ethanol,50,,37,,-1%,,17%,MIL is OFF0 codes,,0.631,,13,20,6,8,2017
1503255237825,volkswagen,voyage,2013,1.6,n,car14,,79,,0.271,,1676,54,,,Biodiesel_Ethanol,49,,45,,4%,,16%,MIL is OFF0 codes,,0.655,,13,20,6,8,2017
1503255249857,volkswagen,voyage,2013,1.6,n,car14,,79,,0.17600000000000002,,1439,45,,,Biodiesel_Ethanol,49,,46,,-2%,,12%,MIL is OFF0 codes,,0.667,,13,20,6,8,2017
1503255261889,volkswagen,voyage,2013,1.6,n,car14,,79,,0.16899999999999998,,1927,43,,,Biodiesel_Ethanol,49,,51,,-2%,,10%,MIL is OFF0 codes,,0.718,,13,20,6,8,2017
1503255273902,volkswagen,voyage,2013,1.6,n,car14,,79,,0.133,,1446,40,,,Biodiesel_Ethanol,50,,38,,3%,,10%,MIL is OFF0 codes,,0.706,,13,20,6,8,2017
1503255285927,volkswagen,voyage,2013,1.6,n,car14,,79,,0.212,,1463,34,,,Biodiesel_Ethanol,49,,50,,2%,,12%,MIL is OFF0 codes,,0.647,,13,20,6,8,2017
1503255297949,volkswagen,voyage,2013,1.6,n,car14,,79,,0.063,,1283,50,,,Biodiesel_Ethanol,50,,41,,0%,,6%,MIL is OFF0 codes,,0.447,,13,20,6,8,2017
1503255309984,volkswagen,voyage,2013,1.6,n,car14,,78,,0.22,,1753,74,,,Biodiesel_Ethanol,48,,56,,-6%,,9%,MIL is OFF0 codes,,0.6779999999999999,,13,20,6,8,2017
1503255322009,volkswagen,voyage,2013,1.6,n,car14,,78,,0.239,,2043,23,,,Biodiesel_Ethanol,48,,46,,5%,,6%,MIL is OFF0 codes,,0.706,,13,20,6,8,2017
1503255334034,volkswagen,voyage,2013,1.6,n,car14,,78,,0.267,,1831,32,,,Biodiesel_Ethanol,48,,55,,6%,,12%,MIL is OFF0 codes,,0.667,,13,20,6,8,2017
1503255346064,volkswagen,voyage,2013,1.6,n,car14,,78,,0.059000000000000004,,1394,38,,,Biodiesel_Ethanol,49,,31,,6%,,5%,MIL is OFF0 codes,,0.525,,13,20,6,8,2017
1503255358089,volkswagen,voyage,2013,1.6,n,car14,,78,,0.251,,1607,94,,,Biodiesel_Ethanol,48,,51,,0%,,15%,MIL is OFF0 codes,,0.655,,13,20,6,8,2017
1503255370119,volkswagen,voyage,2013,1.6,n,car14,,78,,0.33299999999999996,,2110,51,,,Biodiesel_Ethanol,47,,60,,1%,,13%,MIL is OFF0 codes,,0.643,,13,20,6,8,2017
1503255382139,volkswagen,voyage,2013,1.6,n,car14,,78,,0.22,,2115,80,,,Biodiesel_Ethanol,47,,67,,-2%,,13%,MIL is OFF0 codes,,0.7290000000000001,,13,20,6,8,2017
1503255394159,volkswagen,voyage,2013,1.6,n,car14,,78,,0.51,,2615,62,,,Biodiesel_Ethanol,46,,73,,-4%,,13%,MIL is OFF0 codes,,0.635,,13,20,6,8,2017
1503255406184,volkswagen,voyage,2013,1.6,n,car14,,78,,0.267,,2559,55,,,Biodiesel_Ethanol,46,,72,,-2%,,11%,MIL is OFF0 codes,,0.7290000000000001,,13,20,6,8,2017
1503255418220,volkswagen,voyage,2013,1.6,n,car14,,79,,0.353,,2560,22,,,Biodiesel_Ethanol,45,,73,,2%,,23%,MIL is OFF0 codes,,0.741,,13,20,6,8,2017
1503255430247,volkswagen,voyage,2013,1.6,n,car14,,79,,0.318,,2688,30,,,Biodiesel_Ethanol,46,,65,,4%,,10%,MIL is OFF0 codes,,0.725,,13,20,6,8,2017
1503255442269,volkswagen,voyage,2013,1.6,n,car14,,79,,0.17600000000000002,,2207,18,,,Biodiesel_Ethanol,47,,63,,-4%,,6%,MIL is OFF0 codes,,0.773,,13,20,6,8,2017
1503255454288,volkswagen,voyage,2013,1.6,n,car14,,79,,0.098,,1968,56,,,Biodiesel_Ethanol,47,,55,,-2%,,6%,MIL is OFF0 codes,,0.47100000000000003,,13,20,6,8,2017
1503255466313,volkswagen,voyage,2013,1.6,n,car14,,79,,0.17600000000000002,,1933,52,,,Biodiesel_Ethanol,47,,50,,-2%,,13%,MIL is OFF0 codes,,0.706,,13,20,6,8,2017
1503255478330,volkswagen,voyage,2013,1.6,n,car14,,79,,0.235,,1818,57,,,Biodiesel_Ethanol,46,,47,,4%,,14%,MIL is OFF0 codes,,0.6940000000000001,,13,20,6,8,2017
1503255490354,volkswagen,voyage,2013,1.6,n,car14,,80,,0.22399999999999998,,1613,19,,,Biodiesel_Ethanol,46,,47,,7%,,18%,MIL is OFF0 codes,,0.6709999999999999,,13,20,6,8,2017
1503255502389,volkswagen,voyage,2013,1.6,n,car14,,79,,0.08199999999999999,,1738,38,,,Biodiesel_Ethanol,47,,26,,0%,,6%,MIL is OFF0 codes,,0.7609999999999999,,13,20,6,8,2017
1503255514420,volkswagen,voyage,2013,1.6,n,car14,,80,,0.29,,1432,33,,,Biodiesel_Ethanol,46,,27,,0%,,12%,MIL is OFF0 codes,,0.529,,13,20,6,8,2017
1503255526440,volkswagen,voyage,2013,1.6,n,car14,,80,,0.22,,1360,37,,,Biodiesel_Ethanol,47,,21,,-3%,,14%,MIL is OFF0 codes,,0.588,,13,20,6,8,2017
1503255538460,volkswagen,voyage,2013,1.6,n,car14,,80,,0.075,,866,36,,,Biodiesel_Ethanol,47,,15,,1%,,5%,MIL is OFF0 codes,,0.502,,13,20,6,8,2017
1503255550489,volkswagen,voyage,2013,1.6,n,car14,,80,,0.345,,1617,44,,,Biodiesel_Ethanol,47,,33,,-1%,,8%,MIL is OFF0 codes,,0.565,,13,20,6,8,2017
1503255562508,volkswagen,voyage,2013,1.6,n,car14,,80,,0.067,,1611,39,,,Biodiesel_Ethanol,47,,27,,0%,,6%,MIL is OFF0 codes,,0.447,,13,20,6,8,2017
1503255574534,volkswagen,voyage,2013,1.6,n,car14,,81,,0.255,,1526,26,,,Biodiesel_Ethanol,47,,37,,-2%,,6%,MIL is OFF0 codes,,0.573,,13,20,6,8,2017
1503255586559,volkswagen,voyage,2013,1.6,n,car14,,81,,0.17300000000000001,,1415,34,,,Biodiesel_Ethanol,47,,43,,-5%,,5%,MIL is OFF0 codes,,0.655,,13,20,6,8,2017
1503255598569,volkswagen,voyage,2013,1.6,n,car14,,80,,0.063,,1495,55,,,Biodiesel_Ethanol,48,,38,,0%,,5%,MIL is OFF0 codes,,0.447,,13,20,6,8,2017
1503255610599,volkswagen,voyage,2013,1.6,n,car14,,79,,0.21600000000000003,,1608,59,,,Biodiesel_Ethanol,47,,47,,5%,,12%,MIL is OFF0 codes,,0.667,,13,20,6,8,2017
1503255622623,volkswagen,voyage,2013,1.6,n,car14,,79,,0.075,,1578,50,,,Biodiesel_Ethanol,47,,42,,2%,,8%,MIL is OFF0 codes,,0.588,,13,20,6,8,2017
1503255634654,volkswagen,voyage,2013,1.6,n,car14,,79,,0.055,,1645,24,,,Biodiesel_Ethanol,47,,42,,0%,,5%,MIL is OFF0 codes,,0.5489999999999999,,13,20,6,8,2017
1503255646696,volkswagen,voyage,2013,1.6,n,car14,,78,,0.153,,1596,24,,,Biodiesel_Ethanol,47,,45,,6%,,11%,MIL is OFF0 codes,,0.69,,13,20,6,8,2017
1503255658712,volkswagen,voyage,2013,1.6,n,car14,,78,,0.055,,1566,32,,,Biodiesel_Ethanol,48,,32,,0%,,5%,MIL is OFF0 codes,,0.6940000000000001,,13,20,6,8,2017
1503255670735,volkswagen,voyage,2013,1.6,n,car14,,78,,0.063,,817,42,,,Biodiesel_Ethanol,48,,33,,-2%,,5%,MIL is OFF0 codes,,0.573,,13,20,6,8,2017
1503255682770,volkswagen,voyage,2013,1.6,n,car14,,78,,0.251,,1532,30,,,Biodiesel_Ethanol,47,,38,,1%,,11%,MIL is OFF0 codes,,0.69,,13,20,6,8,2017
1503255694800,volkswagen,voyage,2013,1.6,n,car14,,78,,0.075,,1300,46,,,Biodiesel_Ethanol,47,,37,,-7%,,8%,MIL is OFF0 codes,,0.659,,13,20,6,8,2017
1503255706830,volkswagen,voyage,2013,1.6,n,car14,,78,,0.306,,1742,22,,,Biodiesel_Ethanol,46,,50,,0%,,15%,MIL is OFF0 codes,,0.588,,13,20,6,8,2017
1503255718859,volkswagen,voyage,2013,1.6,n,car14,,78,,0.38,,1779,58,,,Biodiesel_Ethanol,46,,47,,1%,,27%,MIL is OFF0 codes,,0.635,,13,20,6,8,2017
1503255730879,volkswagen,voyage,2013,1.6,n,car14,,78,,0.102,,1346,94,,,Biodiesel_Ethanol,47,,43,,2%,,11%,MIL is OFF0 codes,,0.6709999999999999,,13,20,6,8,2017
1503255742898,volkswagen,voyage,2013,1.6,n,car14,,78,,0.22,,1653,20,,,Biodiesel_Ethanol,46,,40,,3%,,11%,MIL is OFF0 codes,,0.655,,13,20,6,8,2017
1503255754928,volkswagen,voyage,2013,1.6,n,car14,,79,,0.067,,844,71,,,Biodiesel_Ethanol,47,,12,,2%,,7%,MIL is OFF0 codes,,0.596,,13,20,6,8,2017
1503255766958,volkswagen,voyage,2013,1.6,n,car14,,79,,0.063,,841,42,,,Biodiesel_Ethanol,47,,17,,-5%,,5%,MIL is OFF0 codes,,0.561,,13,20,6,8,2017
1503255778982,volkswagen,voyage,2013,1.6,n,car14,,79,,0.067,,822,36,,,Biodiesel_Ethanol,47,,12,,0%,,18%,MIL is OFF0 codes,,0.5760000000000001,,13,20,6,8,2017
1503255791017,volkswagen,voyage,2013,1.6,n,car14,,79,,0.067,,819,33,,,Biodiesel_Ethanol,47,,17,,-4%,,5%,MIL is OFF0 codes,,0.525,,13,20,6,8,2017
1503255803050,volkswagen,voyage,2013,1.6,n,car14,,79,,0.063,,827,37,,,Biodiesel_Ethanol,47,,13,,-4%,,5%,MIL is OFF0 codes,,0.5529999999999999,,13,20,6,8,2017
1503255815060,volkswagen,voyage,2013,1.6,n,car14,,,,0.067,,814,,,,Biodiesel_Ethanol,,,,,,,5%,MIL is OFF0 codes,,0.655,,13,20,6,8,2017
1503275190217,volkswagen,voyage,2013,1.6,n,car14,,91,,0.314,,2108,43,,,Biodiesel_Ethanol,57,,43,,7%,,25%,MIL is OFF0 codes,,0.631,,46,1,0,8,2017
1503275202243,volkswagen,voyage,2013,1.6,n,car14,,91,,0.067,,1599,27,,,Biodiesel_Ethanol,56,,51,,0%,,5%,MIL is OFF0 codes,,0.447,,46,1,0,8,2017
1503275214269,volkswagen,voyage,2013,1.6,n,car14,,91,,0.067,,1647,38,,,Biodiesel_Ethanol,56,,60,,0%,,6%,MIL is OFF0 codes,,0.447,,46,1,0,8,2017
1503275226288,volkswagen,voyage,2013,1.6,n,car14,,91,,,,781,82,,,Biodiesel_Ethanol,57,,47,,0%,,4%,MIL is OFF0 codes,,0.467,,46,1,0,8,2017
1503275238309,volkswagen,voyage,2013,1.6,n,car14,,90,,0.059000000000000004,,1414,72,,,Biodiesel_Ethanol,57,,50,,0%,,5%,MIL is OFF0 codes,,0.408,,46,1,0,8,2017
1503275250340,volkswagen,voyage,2013,1.6,n,car14,,90,,0.365,,1770,23,,,Biodiesel_Ethanol,54,,62,,0%,,37%,MIL is OFF0 codes,,0.541,,46,1,0,8,2017
1503275262378,volkswagen,voyage,2013,1.6,n,car14,,90,,0.055,,1380,21,,,Biodiesel_Ethanol,55,,36,,0%,,4%,MIL is OFF0 codes,,0.435,,46,1,0,8,2017
1503275274416,volkswagen,voyage,2013,1.6,n,car14,,90,,0.13699999999999998,,1557,22,,,Biodiesel_Ethanol,54,,30,,2%,,16%,MIL is OFF0 codes,,0.6940000000000001,,46,1,0,8,2017
1503275286439,volkswagen,voyage,2013,1.6,n,car14,,90,,0.22399999999999998,,1856,28,,,Biodiesel_Ethanol,54,,16,,0%,,6%,MIL is OFF0 codes,,0.612,,46,1,0,8,2017
1503275298472,volkswagen,voyage,2013,1.6,n,car14,,91,,0.114,,1278,32,,,Biodiesel_Ethanol,55,,45,,1%,,14%,MIL is OFF0 codes,,0.5529999999999999,,46,1,0,8,2017
1503275310498,volkswagen,voyage,2013,1.6,n,car14,,92,,0.129,,1426,21,,,Biodiesel_Ethanol,54,,40,,-2%,,9%,MIL is OFF0 codes,,0.6940000000000001,,46,1,0,8,2017
1503275322529,volkswagen,voyage,2013,1.6,n,car14,,92,,,,771,65,,,Biodiesel_Ethanol,55,,28,,0%,,8%,MIL is OFF0 codes,,0.529,,46,1,0,8,2017
1503275334554,volkswagen,voyage,2013,1.6,n,car14,,93,,0.055,,1449,20,,,Biodiesel_Ethanol,54,,18,,0%,,5%,MIL is OFF0 codes,,0.47100000000000003,,46,1,0,8,2017
1503275346592,volkswagen,voyage,2013,1.6,n,car14,,93,,,,1015,59,,,Biodiesel_Ethanol,55,,26,,-2%,,6%,MIL is OFF0 codes,,0.6940000000000001,,46,1,0,8,2017
1503275358619,volkswagen,voyage,2013,1.6,n,car14,,93,,0.086,,1158,35,,,Biodiesel_Ethanol,55,,11,,4%,,8%,MIL is OFF0 codes,,0.588,,46,1,0,8,2017
1503275370629,volkswagen,voyage,2013,1.6,n,car14,,94,,0.314,,1651,22,,,Biodiesel_Ethanol,54,,35,,0%,,10%,MIL is OFF0 codes,,0.537,,46,1,0,8,2017
1503275382660,volkswagen,voyage,2013,1.6,n,car14,,95,,0.067,,1284,28,,,Biodiesel_Ethanol,54,,21,,-5%,,8%,MIL is OFF0 codes,,0.7020000000000001,,46,1,0,8,2017
1503275394679,volkswagen,voyage,2013,1.6,n,car14,,95,,0.055,,1385,40,,,Biodiesel_Ethanol,55,,16,,-1%,,4%,MIL is OFF0 codes,,0.514,,46,1,0,8,2017
1503275406719,volkswagen,voyage,2013,1.6,n,car14,,96,,0.08199999999999999,,1573,94,,,Biodiesel_Ethanol,54,,45,,0%,,15%,MIL is OFF0 codes,,0.647,,46,1,0,8,2017
1503275418739,volkswagen,voyage,2013,1.6,n,car14,,96,,0.475,,2265,99,,,Biodiesel_Ethanol,53,,90,,0%,,,MIL is OFF0 codes,,0.541,,46,1,0,8,2017
1503275430769,volkswagen,voyage,2013,1.6,n,car14,,96,,0.635,,2811,26,,,Biodiesel_Ethanol,52,,87,,2%,,15%,MIL is OFF0 codes,,0.584,,46,1,0,8,2017
1503275442795,volkswagen,voyage,2013,1.6,n,car14,,96,,0.204,,2325,46,,,Biodiesel_Ethanol,54,,73,,0%,,7%,MIL is OFF0 codes,,0.7609999999999999,,46,1,0,8,2017
1503275454839,volkswagen,voyage,2013,1.6,n,car14,,94,,0.341,,2149,65,,,Biodiesel_Ethanol,52,,78,,-2%,,11%,MIL is OFF0 codes,,0.5760000000000001,,46,1,0,8,2017
1503275466869,volkswagen,voyage,2013,1.6,n,car14,,94,,0.306,,2366,23,,,Biodiesel_Ethanol,52,,82,,4%,,15%,MIL is OFF0 codes,,0.6940000000000001,,46,1,0,8,2017
1503275478898,volkswagen,voyage,2013,1.6,n,car14,,93,,0.33299999999999996,,2241,36,,,Biodiesel_Ethanol,52,,75,,0%,,21%,MIL is OFF0 codes,,0.624,,46,1,0,8,2017
1503275490919,volkswagen,voyage,2013,1.6,n,car14,,93,,0.361,,2091,65,,,Biodiesel_Ethanol,51,,87,,-1%,,19%,MIL is OFF0 codes,,0.624,,46,1,0,8,2017
1503275502930,volkswagen,voyage,2013,1.6,n,car14,,92,,0.11800000000000001,,2403,25,,,Biodiesel_Ethanol,51,,88,,-2%,,10%,MIL is OFF0 codes,,0.525,,46,1,0,8,2017
1503275514949,volkswagen,voyage,2013,1.6,n,car14,,91,,0.129,,2491,52,,,Biodiesel_Ethanol,52,,86,,0%,,8%,MIL is OFF0 codes,,0.5489999999999999,,46,1,0,8,2017
1503275526969,volkswagen,voyage,2013,1.6,n,car14,,90,,0.149,,2555,23,,,Biodiesel_Ethanol,51,,85,,3%,,9%,MIL is OFF0 codes,,0.843,,46,1,0,8,2017
1503275538982,volkswagen,voyage,2013,1.6,n,car14,,88,,0.086,,1970,20,,,Biodiesel_Ethanol,52,,63,,0%,,6%,MIL is OFF0 codes,,0.467,,46,1,0,8,2017
1503275551009,volkswagen,voyage,2013,1.6,n,car14,,87,,0.192,,2170,28,,,Biodiesel_Ethanol,51,,65,,-5%,,14%,MIL is OFF0 codes,,0.741,,46,1,0,8,2017
1503275563034,volkswagen,voyage,2013,1.6,n,car14,,86,,0.263,,1851,49,,,Biodiesel_Ethanol,51,,63,,2%,,16%,MIL is OFF0 codes,,0.6779999999999999,,46,1,0,8,2017
1503275575071,volkswagen,voyage,2013,1.6,n,car14,,86,,,,784,39,,,Biodiesel_Ethanol,51,,38,,-1%,,4%,MIL is OFF0 codes,,0.494,,46,1,0,8,2017
1503275587108,volkswagen,voyage,2013,1.6,n,car14,,86,,0.31,,1676,27,,,Biodiesel_Ethanol,50,,41,,6%,,24%,MIL is OFF0 codes,,0.565,,46,1,0,8,2017
1503275599144,volkswagen,voyage,2013,1.6,n,car14,,86,,,,782,28,,,Biodiesel_Ethanol,51,,2,,1%,,4%,MIL is OFF0 codes,,0.5489999999999999,,46,1,0,8,2017
1503275611179,volkswagen,voyage,2013,1.6,n,car14,,86,,,,768,28,,,Biodiesel_Ethanol,52,,0,,-2%,,4%,MIL is OFF0 codes,,0.537,,46,1,0,8,2017
1503275623209,volkswagen,voyage,2013,1.6,n,car14,,87,,,,787,23,,,Biodiesel_Ethanol,52,,18,,0%,,9%,MIL is OFF0 codes,,0.561,,46,1,0,8,2017
1503275635244,volkswagen,voyage,2013,1.6,n,car14,,88,,0.22,,1356,20,,,Biodiesel_Ethanol,51,,38,,2%,,12%,MIL is OFF0 codes,,0.502,,46,1,0,8,2017
1503275647269,volkswagen,voyage,2013,1.6,n,car14,,90,,,,1053,28,,,Biodiesel_Ethanol,52,,28,,0%,,4%,MIL is OFF0 codes,,0.706,,46,1,0,8,2017
1503275659299,volkswagen,voyage,2013,1.6,n,car14,,90,,0.325,,1457,60,,,Biodiesel_Ethanol,51,,53,,0%,,27%,MIL is OFF0 codes,,0.42,,46,1,0,8,2017
1503275671318,volkswagen,voyage,2013,1.6,n,car14,,89,,0.22699999999999998,,1613,29,,,Biodiesel_Ethanol,50,,27,,0%,,12%,MIL is OFF0 codes,,0.659,,46,1,0,8,2017
1503275683337,volkswagen,voyage,2013,1.6,n,car14,,89,,,,882,94,,,Biodiesel_Ethanol,51,,25,,2%,,6%,MIL is OFF0 codes,,0.494,,46,1,0,8,2017
1503275695359,volkswagen,voyage,2013,1.6,n,car14,,90,,0.271,,1283,94,,,Biodiesel_Ethanol,50,,37,,4%,,24%,MIL is OFF0 codes,,0.502,,46,1,0,8,2017
1503275707378,volkswagen,voyage,2013,1.6,n,car14,,91,,0.086,,1261,20,,,Biodiesel_Ethanol,50,,45,,0%,,4%,MIL is OFF0 codes,,0.5760000000000001,,46,1,0,8,2017
1503275719399,volkswagen,voyage,2013,1.6,n,car14,,91,,0.153,,1398,51,,,Biodiesel_Ethanol,50,,57,,0%,,11%,MIL is OFF0 codes,,0.6709999999999999,,46,1,0,8,2017
1503275731418,volkswagen,voyage,2013,1.6,n,car14,,90,,0.063,,1628,28,,,Biodiesel_Ethanol,51,,35,,0%,,5%,MIL is OFF0 codes,,0.741,,46,1,0,8,2017
1503275743461,volkswagen,voyage,2013,1.6,n,car14,,90,,,,777,96,,,Biodiesel_Ethanol,51,,32,,2%,,11%,MIL is OFF0 codes,,0.529,,46,1,0,8,2017
1503275755489,volkswagen,voyage,2013,1.6,n,car14,,90,,0.294,,1434,36,,,Biodiesel_Ethanol,50,,41,,3%,,26%,MIL is OFF0 codes,,0.518,,46,1,0,8,2017
1503275767514,volkswagen,voyage,2013,1.6,n,car14,,91,,0.055,,995,28,,,Biodiesel_Ethanol,51,,25,,-1%,,5%,MIL is OFF0 codes,,0.5760000000000001,,46,1,0,8,2017
1503275779599,volkswagen,voyage,2013,1.6,n,car14,,91,,0.055,,1244,70,,,Biodiesel_Ethanol,51,,41,,-2%,,24%,MIL is OFF0 codes,,0.518,,46,1,0,8,2017
1503275791633,volkswagen,voyage,2013,1.6,n,car14,,91,,,,766,33,,,Biodiesel_Ethanol,50,,38,,0%,,4%,MIL is OFF0 codes,,0.529,,46,1,0,8,2017
1503275803650,volkswagen,voyage,2013,1.6,n,car14,,91,,0.271,,1413,94,,,Biodiesel_Ethanol,49,,61,,-2%,,25%,MIL is OFF0 codes,,0.7490000000000001,,46,1,0,8,2017
1503275815689,volkswagen,voyage,2013,1.6,n,car14,,91,,0.149,,1729,22,,,Biodiesel_Ethanol,50,,52,,0%,,6%,MIL is OFF0 codes,,0.7020000000000001,,46,1,0,8,2017
1503275827719,volkswagen,voyage,2013,1.6,n,car14,,90,,,,762,27,,,Biodiesel_Ethanol,51,,33,,0%,,4%,MIL is OFF0 codes,,0.561,,46,1,0,8,2017
1503275839747,volkswagen,voyage,2013,1.6,n,car14,,90,,0.086,,1078,27,,,Biodiesel_Ethanol,50,,45,,0%,,19%,MIL is OFF0 codes,,0.5529999999999999,,46,1,0,8,2017
1503275851772,volkswagen,voyage,2013,1.6,n,car14,,90,,0.063,,1256,27,,,Biodiesel_Ethanol,51,,15,,6%,,9%,MIL is OFF0 codes,,0.682,,46,1,0,8,2017
1503275863809,volkswagen,voyage,2013,1.6,n,car14,,91,,,,782,28,,,Biodiesel_Ethanol,51,,0,,3%,,4%,MIL is OFF0 codes,,0.541,,46,1,0,8,2017
1503275875832,volkswagen,voyage,2013,1.6,n,car14,,91,,,,781,27,,,Biodiesel_Ethanol,51,,0,,-6%,,4%,MIL is OFF0 codes,,0.49,,46,1,0,8,2017
1503275887868,volkswagen,voyage,2013,1.6,n,car14,,93,,,,784,28,,,Biodiesel_Ethanol,52,,0,,-2%,,4%,MIL is OFF0 codes,,0.541,,46,1,0,8,2017
1503275899907,volkswagen,voyage,2013,1.6,n,car14,,94,,,,788,95,,,Biodiesel_Ethanol,52,,23,,-2%,,5%,MIL is OFF0 codes,,0.525,,46,1,0,8,2017
1503275911929,volkswagen,voyage,2013,1.6,n,car14,,96,,0.29,,1743,26,,,Biodiesel_Ethanol,50,,70,,0%,,20%,MIL is OFF0 codes,,0.502,,46,1,0,8,2017
1503275923959,volkswagen,voyage,2013,1.6,n,car14,,95,,0.11800000000000001,,2129,22,,,Biodiesel_Ethanol,51,,57,,0%,,8%,MIL is OFF0 codes,,0.435,,46,1,0,8,2017
1503275936009,volkswagen,voyage,2013,1.6,n,car14,,93,,,,1014,28,,,Biodiesel_Ethanol,51,,22,,0%,,4%,MIL is OFF0 codes,,0.525,,46,1,0,8,2017
1503275948035,volkswagen,voyage,2013,1.6,n,car14,,92,,0.212,,1064,67,,,Biodiesel_Ethanol,51,,32,,2%,,11%,MIL is OFF0 codes,,0.624,,46,1,0,8,2017
1503275960080,volkswagen,voyage,2013,1.6,n,car14,,93,,0.129,,1205,57,,,Biodiesel_Ethanol,51,,35,,-3%,,8%,MIL is OFF0 codes,,0.561,,46,1,0,8,2017
1503275972110,volkswagen,voyage,2013,1.6,n,car14,,93,,,,773,28,,,Biodiesel_Ethanol,51,,2,,3%,,4%,MIL is OFF0 codes,,0.5489999999999999,,46,1,0,8,2017
1503275984129,volkswagen,voyage,2013,1.6,n,car14,,94,,,,777,49,,,Biodiesel_Ethanol,51,,6,,1%,,4%,MIL is OFF0 codes,,0.541,,46,1,0,8,2017
1503275996159,volkswagen,voyage,2013,1.6,n,car14,,96,,0.106,,943,52,,,Biodiesel_Ethanol,51,,30,,-2%,,8%,MIL is OFF0 codes,,0.5489999999999999,,46,1,0,8,2017
1503276008188,volkswagen,voyage,2013,1.6,n,car14,,96,,,,1087,72,,,Biodiesel_Ethanol,51,,18,,2%,,4%,MIL is OFF0 codes,,0.718,,46,1,0,8,2017
1503276020214,volkswagen,voyage,2013,1.6,n,car14,,97,,0.133,,1357,22,,,Biodiesel_Ethanol,51,,41,,1%,,13%,MIL is OFF0 codes,,0.525,,46,1,0,8,2017
1503276032244,volkswagen,voyage,2013,1.6,n,car14,,97,,0.063,,1501,30,,,Biodiesel_Ethanol,51,,30,,0%,,6%,MIL is OFF0 codes,,0.447,,46,1,0,8,2017
1503276044279,volkswagen,voyage,2013,1.6,n,car14,,96,,0.059000000000000004,,1492,92,,,Biodiesel_Ethanol,51,,43,,-3%,,10%,MIL is OFF0 codes,,0.514,,46,1,0,8,2017
1503276056310,volkswagen,voyage,2013,1.6,n,car14,,96,,0.231,,1740,22,,,Biodiesel_Ethanol,50,,41,,3%,,15%,MIL is OFF0 codes,,0.62,,46,1,0,8,2017
1503276068319,volkswagen,voyage,2013,1.6,n,car14,,97,,,,785,27,,,Biodiesel_Ethanol,51,,0,,4%,,4%,MIL is OFF0 codes,,0.518,,46,1,0,8,2017
1503276080352,volkswagen,voyage,2013,1.6,n,car14,,98,,,,784,27,,,Biodiesel_Ethanol,51,,0,,-1%,,4%,MIL is OFF0 codes,,0.541,,46,1,0,8,2017
1503276092380,volkswagen,voyage,2013,1.6,n,car14,,98,,,,782,27,,,Biodiesel_Ethanol,52,,0,,0%,,4%,MIL is OFF0 codes,,0.541,,46,1,0,8,2017
1503276104404,volkswagen,voyage,2013,1.6,n,car14,,99,,0.098,,1223,85,,,Biodiesel_Ethanol,53,,27,,0%,,4%,MIL is OFF0 codes,,0.588,,46,1,0,8,2017
1503276116439,volkswagen,voyage,2013,1.6,n,car14,,101,,0.341,,1749,51,,,Biodiesel_Ethanol,51,,56,,-1%,,17%,MIL is OFF0 codes,,0.48200000000000004,,46,1,0,8,2017
1503276128468,volkswagen,voyage,2013,1.6,n,car14,,99,,0.059000000000000004,,1029,30,,,Biodiesel_Ethanol,51,,50,,0%,,5%,MIL is OFF0 codes,,0.447,,46,1,0,8,2017
1503276140500,volkswagen,voyage,2013,1.6,n,car14,,96,,,,775,94,,,Biodiesel_Ethanol,53,,18,,1%,,4%,MIL is OFF0 codes,,0.5489999999999999,,46,1,0,8,2017
1503276152519,volkswagen,voyage,2013,1.6,n,car14,,94,,0.41200000000000003,,2054,27,,,Biodiesel_Ethanol,51,,32,,0%,,6%,MIL is OFF0 codes,,0.5489999999999999,,46,1,0,8,2017
1503276164539,volkswagen,voyage,2013,1.6,n,car14,,92,,,,774,28,,,Biodiesel_Ethanol,52,,0,,2%,,4%,MIL is OFF0 codes,,0.541,,46,1,0,8,2017
1503276176570,volkswagen,voyage,2013,1.6,n,car14,,91,,,,772,28,,,Biodiesel_Ethanol,53,,0,,0%,,4%,MIL is OFF0 codes,,0.5489999999999999,,46,1,0,8,2017
1503276188604,volkswagen,voyage,2013,1.6,n,car14,,92,,,,770,28,,,Biodiesel_Ethanol,53,,0,,-3%,,4%,MIL is OFF0 codes,,0.541,,46,1,0,8,2017
1503276200629,volkswagen,voyage,2013,1.6,n,car14,,93,,,,775,40,,,Biodiesel_Ethanol,54,,2,,0%,,4%,MIL is OFF0 codes,,0.529,,46,1,0,8,2017
1503276212654,volkswagen,voyage,2013,1.6,n,car14,,94,,0.196,,1185,83,,,Biodiesel_Ethanol,53,,38,,0%,,17%,MIL is OFF0 codes,,0.514,,46,1,0,8,2017
1503276224668,volkswagen,voyage,2013,1.6,n,car14,,96,,0.251,,1325,21,,,Biodiesel_Ethanol,51,,45,,4%,,15%,MIL is OFF0 codes,,0.573,,46,1,0,8,2017
1503276236689,volkswagen,voyage,2013,1.6,n,car14,,96,,,,773,27,,,Biodiesel_Ethanol,52,,27,,-2%,,4%,MIL is OFF0 codes,,0.565,,46,1,0,8,2017
1503276248719,volkswagen,voyage,2013,1.6,n,car14,,96,,,,904,28,,,Biodiesel_Ethanol,53,,20,,4%,,4%,MIL is OFF0 codes,,0.525,,46,1,0,8,2017
1503276260738,volkswagen,voyage,2013,1.6,n,car14,,96,,,,788,39,,,Biodiesel_Ethanol,53,,3,,3%,,4%,MIL is OFF0 codes,,0.537,,46,1,0,8,2017
1503276272759,volkswagen,voyage,2013,1.6,n,car14,,96,,,,762,30,,,Biodiesel_Ethanol,54,,0,,2%,,6%,MIL is OFF0 codes,,0.514,,46,1,0,8,2017
1503276284789,volkswagen,voyage,2013,1.6,n,car14,,96,,,,780,26,,,Biodiesel_Ethanol,54,,0,,1%,,3%,MIL is OFF0 codes,,0.529,,46,1,0,8,2017
1503276296819,volkswagen,voyage,2013,1.6,n,car14,,98,,,,788,27,,,Biodiesel_Ethanol,54,,0,,2%,,3%,MIL is OFF0 codes,,0.537,,46,1,0,8,2017
1503276308838,volkswagen,voyage,2013,1.6,n,car14,,99,,0.055,,769,31,,,Biodiesel_Ethanol,54,,0,,-6%,,8%,MIL is OFF0 codes,,0.514,,46,1,0,8,2017
1503276320864,volkswagen,voyage,2013,1.6,n,car14,,100,,0.133,,1391,27,,,Biodiesel_Ethanol,54,,,,5%,,10%,MIL is OFF0 codes,,0.6709999999999999,,46,1,0,8,2017
